Run_Date,Instrument_ID,Mass_Accuracy_PPM
2026-01-01,Mass_Spec_A,1.3370958447146668
2026-01-01,Mass_Spec_B,1.0794184493784857
2026-01-08,Mass_Spec_A,1.175530182860391
2026-01-08,Mass_Spec_B,0.9589469531844177
2026-01-15,Mass_Spec_A,1.300312841133734
2026-01-15,Mass_Spec_B,1.1368077883865018
2026-01-22,Mass_Spec_A,1.359286260496104
2026-01-22,Mass_Spec_B,1.0488004099231905
2026-01-29,Mass_Spec_A,1.3684268323140998
2026-01-29,Mass_Spec_B,1.1364360098592976
2026-02-05,Mass_Spec_A,1.3493875483908515
2026-02-05,Mass_Spec_B,1.1563869869783057
2026-02-12,Mass_Spec_A,1.5431521997438937
2026-02-12,Mass_Spec_B,1.1828082817575938
2026-02-19,Mass_Spec_A,1.41453409615869
2026-02-19,Mass_Spec_B,1.0512858899674231
2026-02-26,Mass_Spec_A,1.6578423713877042
2026-02-26,Mass_Spec_B,1.1403964098638377
2026-03-05,Mass_Spec_A,1.4817285900947579
2026-03-05,Mass_Spec_B,0.9626393056741327
2026-03-12,Mass_Spec_A,1.6504869654223486
2026-03-12,Mass_Spec_B,NA
2026-03-19,Mass_Spec_A,1.7806645392701106
2026-03-19,Mass_Spec_B,1.0319273924658787
2026-03-26,Mass_Spec_A,1.445113929888766
2026-03-26,Mass_Spec_B,0.9068633880042695
2026-04-02,Mass_Spec_A,1.5881211233182628
2026-04-02,Mass_Spec_B,1.1028898085513805
2026-04-09,Mass_Spec_A,1.6346678663606342
2026-04-09,Mass_Spec_B,1.1164798880160205
2026-04-16,Mass_Spec_A,1.7435950398070075
2026-04-16,Mass_Spec_B,1.0711154161161067
2026-04-23,Mass_Spec_A,NA
2026-04-23,Mass_Spec_B,1.1606530588559614
2026-04-30,Mass_Spec_A,1.4783544579095222
2026-04-30,Mass_Spec_B,1.0418636138338742
2026-05-07,Mass_Spec_A,1.531953307142448
2026-05-07,Mass_Spec_B,0.9905375164464565
2026-05-14,Mass_Spec_A,1.9400113345730192
2026-05-14,Mass_Spec_B,1.1346254420710975
2026-05-21,Mass_Spec_A,1.8093361405921526
2026-05-21,Mass_Spec_B,1.0350885459050663
2026-05-28,Mass_Spec_A,1.693869156602
2026-05-28,Mass_Spec_B,NA
2026-06-04,Mass_Spec_A,1.8868082644240378
2026-06-04,Mass_Spec_B,1.0654843037909325
2026-06-11,Mass_Spec_A,2.0574674699172597
2026-06-11,Mass_Spec_B,NA
2026-06-18,Mass_Spec_A,2.1575193461264965
2026-06-18,Mass_Spec_B,1.1257540212163157
2026-06-25,Mass_Spec_A,1.95695308683938
2026-06-25,Mass_Spec_B,1.0372928847295702
